ID,RoyalDutchShell,ExxonMobile
1,62.349998,69.150002
2,62.419998,69.419998
3,61.91,70.019997
4,61.610001,69.800003
5,61.52,69.519997
6,62.48,70.300003
7,61.07,69.949997
8,61.110001,69.669998
9,60.959999,69.68
10,60.509998,69.110001
11,61.639999,69.269997
12,60.380001,68.029999
13,59.139999,66.699997
14,57.59,66.099998
15,58.34,65.849998
16,58.18,65.919998
17,57.68,65.540001
18,56.419998,64.959999
19,55.389999,64.43
20,56.709999,66.18
21,57.259998,66.959999
22,56.73,66.599998
23,54.419998,64.720001
24,54.380001,64.800003
25,53.849998,64.349998
26,55.240002,65.199997
27,53.77,64.849998
28,55.43,65.239998
29,54.549999,64.800003
30,55.75,66.279999
31,55.240002,65.760002
32,55.860001,65.959999
33,55.700001,65.870003
34,55.57,65.400002
35,54.540001,64.940002
36,55.380001,65.550003
37,54.810001,65.139999
38,54.740002,65
39,55.380001,65.400002
40,55.709999,65.489998
41,56.34,65.43
42,56.060001,65.400002
43,57.060001,66.470001
44,57.150002,66.480003
45,57.240002,66.779999
46,57.59,67.220001
47,58.060001,67.220001
48,58.25,66.800003
49,57.93,66.300003
50,59.009998,66.57
51,59.900002,67.360001
52,59.75,67.389999
53,58.5,67.040001
54,58.259998,66.970001
55,58.689999,66.949997
56,57.689999,66.5
57,56.939999,66.300003
58,57.380001,66.540001
59,57.59,67.300003
60,57.540001,67.050003
61,57.860001,66.980003
62,58.959999,67.610001
63,59.549999,68.190002
64,59.619999,67.900002
65,58.799999,67.339996
66,59.310001,67.860001
67,60.700001,68.760002
68,60.619999,68.709999
69,60.66,68.660004
70,61.799999,68.610001
71,61.77,68.260002
72,61.110001,67.93
73,61,68.230003
74,61.700001,68.970001
75,61.549999,68.919998
76,61.119999,68.559998
77,61.93,69.239998
78,61.18,69.290001
79,61.07,68.269997
80,62.59,69.190002
81,61.689999,68.660004
82,62.75,67.769997
83,61.939999,67.839996
84,60.09,66.470001
85,57.580002,66.169998
86,55.59,63.889999
87,54.139999,63.700001
88,56.529999,65.230003
89,56.150002,64.459999
90,56.130001,64.910004
91,55.119999,64.739998
92,54.43,63.599998
93,54.060001,63.27
94,52.880001,62.790001
95,53.599998,62.450001
96,52.669998,60.330002
97,52.779999,60.880001
98,51.09,60.189999
99,51.720001,59.709999
100,50.349998,59.310001
101,53.009998,61.459999
102,52.400002,60.459999
103,52.139999,59.25
104,53.810001,60.77
105,54.060001,61.560001
106,51.779999,59.529999
107,51.189999,59.299999
108,51.869999,61.240002
109,50.740002,60.029999
110,52.349998,61.889999
111,52.400002,61.860001
112,52.380001,61.369999
113,54.049999,62.509998
114,54.5,62.509998
115,54.759998,62.599998
116,54.650002,63.099998
117,54.439999,63.130001
118,54.169998,61.939999
119,54.09,61.099998
120,52.830002,60.07
121,52.91,59.099998
122,52.860001,58.470001
123,51.189999,57.290001
124,50.220001,57.07
125,49.529999,56.610001
126,50.009998,56.57
127,50.52,57.459999
128,51.73,58.43
129,53.32,58.810001
130,53.509998,58.779999
131,53.509998,58.939999
132,54.900002,59.419998
133,55.349998,59.259998
134,55.84,59.27
135,54.709999,57.959999
136,54.91,58.43
137,54.810001,58.950001
138,53.869999,58.169998
139,55.869999,59.380001
140,56.459999,59.720001
141,56.639999,60.389999
142,56.810001,60.810001
143,55.91,60.91
144,55.98,60.34
145,55.419998,59.68
146,57.849998,61.939999
147,58.560001,62.720001
148,57.950001,62.720001
149,57.700001,62.709999
150,57.830002,61.970001
151,58.169998,62.450001
152,58.07,61.93
153,55.939999,60.389999
154,55.400002,60.23
155,55.470001,59.91
156,55.459999,59.880001
157,56.09,60.82
158,56.029999,60.150002
159,54.459999,59.290001
160,53.810001,58.889999
161,53.900002,59.5
162,53.169998,58.939999
163,53.259998,58.91
164,52.939999,58.48
165,54.23,59.799999
166,53.09,59
167,53.049999,59.110001
168,55.029999,60.91
169,55.439999,61.060001
170,56.279999,61.32
171,55.240002,60.549999
172,56.220001,60.75
173,56.209999,61.049999
174,56.66,61.200001
175,57.330002,61
176,57.830002,61.009998
177,58.34,61
178,58.779999,60.970001
179,58.240002,60.779999
180,59.389999,61.549999
181,59.509998,61.540001
182,59.139999,61.450001
183,58.950001,61.150002
184,60.299999,61.75
185,60.310001,61.709999
186,60.540001,62.060001
187,60.529999,61.59
188,60.299999,61.790001
189,61.779999,62.540001
190,60.830002,62.189999
191,62.310001,63.259998
192,62.540001,63.939999
193,62.700001,63.849998
194,62.889999,64.379997
195,62.869999,64.550003
196,62.610001,64.699997
197,63.220001,65.040001
198,63.650002,65.300003
199,63.529999,65.190002
200,64.160004,66.279999
201,62.259998,65.120003
202,63,66.010002
203,62.470001,66.32
204,62.869999,66.339996
205,62.830002,66.199997
206,63.41,66.529999
207,62.75,65.669998
208,63.790001,66.220001
209,64.93,66.489998
210,65.5,66.949997
211,67.349998,67.839996
212,67.190002,67.970001
213,68.290001,69.379997
214,67.910004,70
215,66.870003,70.32
216,65.629997,70.629997
217,66.099998,71.129997
218,66.339996,71.830002
219,65.849998,70.989998
220,65.449997,70.480003
221,64.040001,68.940002
222,64.32,69.010002
223,65.550003,70.309998
224,65.440002,70.540001
225,64.32,70.190002
226,62.59,68.980003
227,63.119999,69.879997
228,62.23,69.230003
229,61.400002,69.449997
230,60.669998,69.559998
231,62.290001,71.330002
232,63.27,71.480003
233,63.869999,71.190002
234,63.84,71.309998
235,64.239998,71.459999
236,64.459999,71.849998
237,64.290001,72
238,65,72.18
239,65.419998,72.360001
240,65.959999,72.18
241,64.75,71.849998
242,64.879997,72.220001
243,64.339996,72.169998
244,64.529999,72.220001
245,65.07,72.720001
246,65.440002,72.800003
247,65.68,73.199997
248,66.080002,73.010002
249,66.290001,73.419998
250,66.449997,73.370003
251,66.800003,73.360001
252,66.779999,73.120003
253,67.080002,74.550003
254,67.459999,74.900002
255,66.849998,74.699997
256,65.739998,75.18
257,65.75,75.589996
258,66.599998,75.129997
259,66.870003,75.690002
260,67.559998,76.580002
261,67.519997,76.709999
262,68.120003,77.839996
263,68.470001,78.709999
264,68.279999,78.239998
265,67.849998,77.75
266,68.849998,78.980003
267,69.529999,78.589996
268,69.080002,78.68
269,69.690002,79.660004
270,70.720001,79.879997
271,70.279999,78.989998
272,70.989998,80.68
273,73.349998,83.910004
274,73.43,83.410004
275,71.25,83.440002
276,69.68,83.279999
277,70.150002,83.93
278,70.120003,82.980003
279,69.300003,82.550003
280,69.139999,83.199997
281,68.400002,82.82
282,68.300003,84.910004
283,68.760002,82.970001
284,69.75,83.690002
285,70.529999,83.879997
286,71.010002,84.5
287,70.400002,85.440002
288,70.919998,87.07
289,70.5,85.970001
290,71.599998,85.339996
291,72.25,85.529999
292,70.959999,84.800003
293,71.349998,85.080002
294,72.279999,85.82
295,72.209999,85.080002
296,71.720001,84.720001
297,70.959999,84.599998
298,70.389999,84.379997
299,68.779999,81.379997
300,68.860001,82.120003
301,69.110001,82.379997
302,68.129997,81.389999
303,66.529999,79.309998
304,68.919998,81.160004
305,69.870003,80.849998
306,70.870003,82.839996
307,71.699997,82.559998
308,71.669998,82.599998
309,72.239998,82.730003
310,72.699997,83.620003
311,71.550003,83.470001
312,72.300003,83.25
313,72.800003,84.489998
314,72.860001,84.129997
315,73.32,84.68
316,73.75,84.870003
317,73.739998,85.419998
318,74.18,85.18
319,74.099998,85.760002
320,75.019997,85.949997
321,74.480003,85.160004
322,72.529999,83.18
323,72.940002,83.160004
324,73.360001,83.440002
325,72.860001,84.290001
326,71.220001,83.099998
327,71.589996,83.800003
328,74.150002,85.650002
329,74.690002,86.360001
330,75.050003,86.220001
331,75.57,87.419998
332,76.849998,87.779999
333,77.610001,87.339996
334,77.480003,87.980003
335,77.400002,86.970001
336,76.139999,85.620003
337,75.449997,84.809998
338,72.839996,82.620003
339,71.830002,82.690002
340,72.440002,83.18
341,73.610001,83.339996
342,71.650002,81.120003
343,71.089996,81.050003
344,69.629997,80.870003
345,69.029999,80.239998
346,69.43,80.410004
347,70.040001,81.739998
348,70.629997,82.330002
349,69.639999,81.57
350,68,80.669998
351,68.68,81.290001
352,69.010002,81.959999
353,70.279999,82.389999
354,70.029999,82.629997
355,71.43,83.470001
356,69.919998,82.029999
357,69.959999,81.330002
358,69.860001,81.18
359,69.339996,80.290001
360,69.400002,80
361,69.290001,80.760002
362,70.339996,81.18
363,68.800003,79.779999
364,69.089996,79.230003
365,70.129997,80.379997
366,68.300003,78.660004
367,67.790001,79.220001
368,68.449997,79.019997
369,68.699997,79.709999
370,70.309998,80.57
371,69.300003,79.82
372,68.580002,78.440002
373,67.360001,76.779999
374,68.110001,77.919998
375,69.050003,79.629997
376,69.970001,80.25
377,71.129997,81.379997
378,71.519997,82.010002
379,71.760002,81.599998
380,72.139999,81.57
381,73.160004,82.360001
382,73.029999,82.419998
383,71.040001,81.900002
384,70.470001,81.889999
385,71.139999,82.480003
386,71.309998,82.239998
387,71.900002,83
388,71.419998,82.650002
389,72.129997,83.629997
390,72.209999,83.300003
391,74.309998,85.019997
392,74.129997,85.220001
393,74.639999,84.57
394,75.139999,84.370003
395,73.480003,83.309998
396,73.550003,81.459999
397,73.559998,79.790001
398,72.550003,79.599998
399,71.510002,77.839996
400,69.480003,77.720001
401,64.580002,73.839996
402,64.400002,74.82
403,60.009998,70.190002
404,63.93,71.639999
405,61.349998,68.029999
406,64.120003,71.580002
407,65.639999,72
408,66.660004,74.290001
409,65.650002,73.5
410,65.970001,74.160004
411,63.59,70.940002
412,61.720001,69.800003
413,63.080002,70.18
414,65.440002,73.660004
415,64.889999,73.540001
416,63.16,71.769997
417,64.220001,72.639999
418,65.330002,74.120003
419,65.760002,73.910004
420,67.050003,74.019997
421,66.57,73.489998
422,65.669998,72.139999
423,64.07,71.150002
424,65.980003,73.650002
425,65.18,72.82
426,63.82,71.010002
427,63.82,71.839996
428,64.32,71.650002
429,64.889999,72.639999
430,66.860001,74.010002
431,66.339996,74.550003
432,65.379997,73.699997
433,65.760002,74.010002
434,63.150002,71.970001
435,61.650002,69.239998
436,61.32,69.309998
437,61.959999,71.720001
438,62.889999,72.910004
439,61.259998,72.07
440,62.959999,73.879997
441,61.52,72.629997
442,59.700001,71.150002
443,61.110001,72.830002
444,62.580002,73.949997
445,63.279999,73.889999
446,63.900002,73.559998
447,66.220001,76.279999
448,66.360001,76.269997
449,66.790001,77.160004
450,67.910004,76.370003
451,69.419998,78.110001
452,68.639999,77.470001
453,69.660004,78.889999
454,69.290001,78.43
455,70.269997,78.709999
456,71.779999,80.129997
457,71.459999,80.169998
458,71.239998,79.440002
459,72.370003,81.07
460,73.309998,81.879997
461,72.43,81.480003
462,70.910004,78.089996
463,69.57,75.940002
464,68.919998,77.370003
465,70.699997,78.860001
466,69.959999,78.519997
467,70.510002,79.349998
468,71.93,79.760002
469,68.339996,77.389999
470,69.550003,78.699997
471,70.730003,79.720001
472,70.629997,78.959999
473,70.269997,79.089996
474,69.610001,78.25
475,69.459999,77.860001
476,69.599998,77.900002
477,67.919998,76.910004
478,67.050003,76.029999
479,65.360001,74.580002
480,64.769997,73.900002
481,66.019997,75.839996
482,66.849998,76.93
483,70,80.440002
484,69.330002,79.790001
485,69.599998,79.790001
486,70.389999,80.449997
487,71.059998,80.82
488,71.720001,81.080002
489,70.139999,79.870003
490,71.910004,81.339996
491,70.629997,80.050003
492,71.209999,80.529999
493,69.589996,79.440002
494,70.129997,80.029999
495,70.790001,80.160004
496,69.730003,79.529999
497,71.519997,82
498,71.790001,83.120003
499,72.970001,84.290001
500,73.110001,85.220001
501,73.43,85.279999
502,72.220001,84.18
503,73.120003,85.269997
504,73.089996,84.760002
505,74.220001,86
506,74.269997,86.019997
507,72.959999,85.760002
508,73.760002,85.120003
509,73.980003,85.5
510,74.339996,85.720001
511,71.709999,85.080002
512,69.940002,84.739998
513,69.209999,84.879997
514,69.639999,85.690002
515,70.349998,86.449997
516,71.019997,87.029999
517,70.419998,87.489998
518,72.019997,87.470001
519,72.129997,87.18
520,71.910004,87.220001
521,71.540001,86.769997
522,70.260002,85.830002
523,70.919998,85.489998
524,71.360001,83.739998
525,72.230003,83.970001
526,71.739998,83.529999
527,72.480003,84.919998
528,71.690002,85.75
529,72.760002,86.339996
530,72.540001,85.32
531,72.779999,84.879997
532,72.050003,83.800003
533,72.900002,84.419998
534,72.989998,84.669998
535,71.959999,84.120003
536,73.040001,85.410004
537,72.870003,85.620003
538,72.900002,86.57
539,72.809998,86.919998
540,73.709999,87.019997
541,73.540001,87.339996
542,73.339996,87.230003
543,73.790001,87.139999
544,73.089996,86.5
545,73.620003,86.830002
546,72.75,86.330002
547,72.529999,87.010002
548,70.879997,85.860001
549,70.949997,85.830002
550,72.75,84.830002
551,71.489998,84.300003
552,71.449997,85.550003
553,72.18,86.860001
554,71.230003,86.019997
555,71.459999,86.089996
556,71.480003,86.440002
557,71.989998,86.989998
558,71.089996,86.599998
559,70.830002,86.010002
560,70.279999,85.330002
561,70.559998,85.550003
562,72.169998,87.029999
563,70.739998,86.620003
564,70.699997,85.860001
565,70.18,86.080002
566,70.129997,86.730003
567,71.190002,87.07
568,70.010002,85.830002
569,69.059998,84.980003
570,68.809998,84.82
571,68.669998,83.879997
572,66.949997,82.169998
573,67.75,82.699997
574,67.860001,83.599998
575,67.239998,82.949997
576,67.839996,84.010002
577,68.940002,85.449997
578,68.849998,85.75
579,68.220001,85.279999
580,68.709999,85.300003
581,68.279999,85.690002
582,68.400002,86.309998
583,68.860001,86.849998
584,71.5,86.07
585,71.309998,86.080002
586,71.540001,86.339996
587,71.709999,87.040001
588,70.709999,86.199997
589,70.739998,85.650002
590,69.169998,84.57
591,69.769997,84.480003
592,68.169998,84.019997
593,66.150002,83.309998
594,66.339996,82.839996
595,65.949997,83.099998
596,64.739998,82.120003
597,63.84,81.790001
598,63.720001,82.169998
599,62.57,81.910004
600,62.220001,81.470001
601,63.27,82.040001
602,63.200001,81.949997
603,62.700001,82.040001
604,63.02,82.610001
605,62.830002,82.080002
606,62.98,81.93
607,61.799999,79.790001
608,62.18,78.629997
609,61.16,77.919998
610,61.34,77.830002
611,61.549999,77.599998
612,63.369999,80.18
613,63.32,80.690002
614,63.220001,80.839996
615,63.169998,80.269997
616,64.230003,81.260002
617,64.32,80.629997
618,64.970001,82.129997
619,66.519997,83.220001
620,66.209999,83.110001
621,67.57,84.480003
622,67.760002,84.970001
623,65.360001,82.110001
624,65.970001,82.110001
625,64.790001,81.239998
626,65.290001,82.400002
627,65.620003,83.199997
628,65.900002,83.099998
629,67.43,85.57
630,67.790001,85.339996
631,68.459999,86.279999
632,68.010002,85.57
633,67.800003,84.800003
634,67.339996,83.650002
635,67.529999,83.110001
636,68.43,84.379997
637,68.040001,84.120003
638,68.730003,85.470001
639,69.419998,85.050003
640,69.32,85.730003
641,69.599998,86.209999
642,69.690002,86.209999
643,69.309998,85.949997
644,68.169998,85.209999
645,67.459999,84.580002
646,68.059998,85.239998
647,67.339996,86.519997
648,67.68,87.449997
649,68.470001,87.559998
650,68.199997,86.849998
651,68.650002,86.910004
652,68.309998,85.879997
653,69.919998,87.550003
654,69.940002,87.449997
655,71.129997,87.919998
656,70.589996,88.279999
657,71,88.199997
658,70.919998,88.440002
659,70.650002,88.139999
660,70.839996,88.199997
661,70.949997,88
662,70.889999,88.669998
663,70.709999,88.400002
664,70.739998,87.949997
665,70.620003,87.459999
666,70.489998,87.730003
667,70.260002,87.309998
668,70.349998,88.050003
669,70.160004,87.739998
670,70.5,88.099998
671,70.050003,87.900002
672,69.779999,87.199997
673,69.970001,87.300003
674,69.540001,87.120003
675,69.279999,87.330002
676,70.959999,88.989998
677,71.589996,89.919998
678,70.980003,89.480003
679,71.730003,89.620003
680,71.730003,89.550003
681,73.239998,91.230003
682,72.559998,92.300003
683,72.650002,91.910004
684,72.510002,91.650002
685,72.150002,90.57
686,71.419998,91.519997
687,71.589996,91.919998
688,71.370003,91.879997
689,71.029999,91.739998
690,70.449997,91.230003
691,70.559998,91.800003
692,69.410004,91.449997
693,69.419998,91.800003
694,69.919998,91.720001
695,69.510002,91.699997
696,69.800003,92.220001
697,69.870003,92.550003
698,69.889999,92.68
699,69.279999,92.129997
700,68.839996,91.029999
701,69.029999,91.169998
702,68.970001,91.029999
703,69.150002,91.510002
704,69.629997,92.379997
705,70.440002,93.389999
706,69.239998,93.480003
707,68.739998,92.150002
708,69.07,92.190002
709,67.599998,90.18
710,67.809998,89.879997
711,67.730003,90.43
712,67.809998,90.620003
713,68.480003,91.169998
714,69.989998,91.599998
715,69.459999,90.269997
716,69.339996,90.629997
717,69.529999,91.610001
718,68.989998,88.18
719,68.019997,87.07
720,68,87.209999
721,68.099998,87.32
722,67.900002,86.470001
723,66.190002,86.07
724,65.550003,86.139999
725,65.029999,86.449997
726,66.239998,87.669998
727,66.040001,87.5
728,66.190002,88.010002
729,66.989998,89.089996
730,66.769997,88.620003
731,66.32,87.349998
732,66.849998,88.099998
733,66.889999,88.120003
734,66.970001,88.139999
735,66.690002,87.610001
736,66.970001,87.190002
737,66.970001,87.730003
738,67.160004,88
739,67.040001,88.599998
740,67.559998,88.410004
741,67.809998,88.989998
742,68.599998,89.449997
743,68.370003,88.580002
744,68.610001,88.080002
745,68.889999,88.870003
746,69.760002,89.559998
747,69.400002,88.440002
748,69.739998,88.889999
749,69.290001,87.230003
750,68.739998,86.919998
751,68.980003,87.07
752,69.529999,86.860001
753,68.5,85.099998
754,68.949997,86.550003
755,69.230003,88.709999
756,69,88.550003
757,69.379997,88.959999
758,68.989998,87.93
759,68.839996,88.480003
760,68.470001,88.139999
761,69.18,89.099998
762,69.610001,89.610001
763,69.660004,89.580002
764,69.699997,89.529999
765,69.120003,89.470001
766,70.050003,90.199997
767,70.150002,90.800003
768,70.440002,90.919998
769,70.25,90.699997
770,70.360001,91.349998
771,71.459999,91.730003
772,71.589996,91.110001
773,72.610001,91.760002
774,72.720001,90.669998
775,70.519997,89.970001
776,70.910004,90.040001
777,68.949997,89.150002
778,68.82,89.739998
779,68.849998,89.790001
780,67.610001,88.25
781,67.470001,88.610001
782,67.330002,88.279999
783,67.760002,88.459999
784,66.959999,88.669998
785,66.209999,88.519997
786,65.620003,88.360001
787,66.580002,89.32
788,65.57,88.970001
789,65.18,88.589996
790,66,89.199997
791,64.529999,87.699997
792,64.889999,88.510002
793,65.540001,89.529999
794,65.650002,89.550003
795,65.779999,89.43
796,65.82,88.949997
797,66.629997,89.610001
798,66.529999,89.559998
799,66.900002,88.709999
800,66.169998,88.970001
801,66.150002,89.160004
802,65.980003,89.160004
803,65.93,89.260002
804,66.580002,89.830002
805,66.199997,89.370003
806,65.57,88.769997
807,65.620003,88.580002
808,65.93,88.629997
809,65.309998,88.169998
810,65.720001,89.290001
811,64.870003,89.019997
812,65.639999,90.129997
813,65.129997,90.580002
814,65.160004,90.110001
815,65,90.769997
816,64.989998,90.580002
817,64.709999,89.93
818,64.139999,89.769997
819,64.150002,89.010002
820,63.810001,88.599998
821,64.260002,88.769997
822,64.720001,88.68
823,65.379997,89.220001
824,65.260002,88.989998
825,64.349998,86.489998
826,65.019997,86.610001
827,63.93,86.080002
828,64.019997,86.620003
829,64.040001,87.449997
830,64.620003,88.089996
831,65.769997,89.300003
832,66.470001,89.43
833,67.019997,88.07
834,66.779999,88
835,67.480003,88.209999
836,67.970001,88.989998
837,67.690002,87.510002
838,68.440002,88.629997
839,69.07,90.019997
840,68.75,90.580002
841,68.669998,91.150002
842,69.599998,91.699997
843,69.230003,91.029999
844,69.059998,90.139999
845,69.050003,90.099998
846,69.75,91.110001
847,67.559998,91.239998
848,67.32,90.699997
849,67.800003,91.760002
850,67.900002,92.519997
851,68.379997,92.800003
852,67.580002,92.190002
853,67.800003,91.790001
854,67.400002,91.529999
855,67.5,92.379997
856,67.669998,92.080002
857,67.639999,92.089996
858,66.370003,90.470001
859,66.849998,91.459999
860,66.379997,90.790001
861,65.370003,89.650002
862,65.529999,90.230003
863,65.209999,91.449997
864,66.050003,91.120003
865,65.989998,90.459999
866,65.720001,89.739998
867,66.339996,91.330002
868,65.449997,90.580002
869,65.900002,91.510002
870,65.989998,91.93
871,65.279999,91
872,64.290001,89.050003
873,64.190002,89.480003
874,63.43,88.480003
875,62.98,89.110001
876,63.700001,89.800003
877,64.330002,90.040001
878,63.799999,90.349998
879,63.990002,90.300003
880,63.68,90.639999
881,63.41,90.690002
882,63.220001,91.57
883,63.880001,92.25
884,64.559998,93.339996
885,65.220001,92.82
886,66.839996,93.269997
887,66.970001,93.400002
888,66.389999,93.25
889,67.169998,93.300003
890,67.43,93.459999
891,67.709999,94.379997
892,68.019997,95.169998
893,68.150002,94.830002
894,68.410004,95.199997
895,68.550003,94.989998
896,68.68,94.970001
897,68.510002,94.790001
898,67.68,94.029999
899,67.330002,93.809998
900,68.349998,93.75
901,64.470001,92.730003
902,64.25,91.949997
903,64.440002,91.589996
904,64.300003,91.470001
905,64.029999,91.339996
906,64.550003,91.779999
907,64.769997,90.720001
908,64.400002,89.889999
909,64.730003,89.400002
910,63.880001,88.949997
911,63.619999,88.160004
912,64,87.910004
913,63.799999,86.919998
914,63.830002,86.830002
915,63.639999,86.419998
916,63.669998,86.980003
917,64.419998,87.519997
918,64.239998,87.089996
919,64.82,86.82
920,66.059998,88.839996
921,65.349998,87.269997
922,64.589996,87.160004
923,64.75,87.150002
924,64.790001,87.760002
925,64.699997,87.349998
926,64.910004,87.25
927,64.93,88.040001
928,64.650002,87.82
929,65.489998,88.839996
930,65.379997,87.980003
931,65.489998,88.400002
932,65.25,88.669998
933,64.959999,88.940002
934,66.239998,89.580002
935,66.410004,89.279999
936,65.889999,88.660004
937,65.629997,87.75
938,65.540001,87.360001
939,65.629997,87.139999
940,65.809998,87.07
941,65.879997,86.900002
942,65.68,86.040001
943,65.230003,86
944,65.489998,86.080002
945,65.519997,85.5
946,65.489998,86.32
947,64.760002,85.900002
948,63.93,85.510002
949,63.439999,85.160004
950,64.199997,86.040001
951,64.559998,86.949997
952,64.940002,87.599998
953,65.269997,86.790001
954,65.709999,87.309998
955,66.360001,87.480003
956,66.940002,87.550003
957,67.459999,87.230003
958,67.870003,87.980003
959,67.650002,87.610001
960,68.18,88.419998
961,68.830002,87.970001
962,68.790001,88.230003
963,69.489998,88.93
964,69.75,88.809998
965,66.68,89.620003
966,66.809998,89.82
967,67.129997,92.099998
968,66.739998,91.989998
969,67.050003,93.220001
970,66.040001,91.959999
971,66.07,92.730003
972,66.330002,92.959999
973,66.290001,92.669998
974,65.68,92.589996
975,66.279999,93.220001
976,67.510002,95.269997
977,67.470001,95.449997
978,67.470001,95.419998
979,67.480003,94.68
980,67.709999,94.690002
981,68.160004,95.010002
982,67.510002,95.089996
983,66.870003,94.269997
984,66.660004,93.800003
985,66.699997,93.480003
986,66.459999,93.519997
987,66.639999,94.389999
988,65.959999,94.669998
989,65.82,94.129997
990,67.699997,95.650002
991,67.959999,95.839996
992,68.199997,95.709999
993,68.150002,94.260002
994,67.07,95.360001
995,66.57,95.309998
996,67.550003,97.220001
997,67.440002,96.75
998,68.470001,99.540001
999,69.129997,99.43
1000,69.550003,98.68
1001,70.099998,98.510002
1002,70.339996,99.220001
1003,70.730003,100.900002
1004,71.07,101.510002
1005,70.790001,100.309998
1006,71.269997,101.199997
1007,70.650002,99.75
1008,70.779999,99.510002
1009,70.309998,99.660004
1010,70.919998,101.07
1011,70.410004,100.739998
1012,70.650002,99.760002
1013,72,100.519997
1014,71.050003,98.550003
1015,71.489998,99.120003
1016,71.370003,98.779999
1017,71.739998,98.940002
1018,70.57,99.160004
1019,71.279999,98.5
1020,72.089996,97.879997
1021,72.370003,96.970001
1022,71.050003,94.849998
1023,70.629997,94.919998
1024,70.540001,95.650002
1025,70.5,95.110001
1026,71.349998,93.989998
1027,69.099998,92.160004
1028,67.809998,90.050003
1029,67.860001,90.019997
1030,68.129997,89.580002
1031,68.779999,89.800003
1032,69.209999,90.580002
1033,69.120003,89.519997
1034,70.699997,90.839996
1035,70.230003,91.080002
1036,71.150002,91.43
1037,71.589996,94.110001
1038,72.529999,94.07
1039,72.300003,93.949997
1040,73.339996,95.370003
1041,73.470001,95.029999
1042,73.970001,96.440002
1043,73.290001,96.309998
1044,72.970001,95.790001
1045,72.900002,95.839996
1046,72.870003,96.269997
1047,71.790001,95.5
1048,73.220001,96.519997
1049,72.959999,93.800003
1050,72.629997,93.760002
1051,72.809998,94.989998
1052,73.199997,95.5
1053,72.68,94.010002
1054,72.43,94.209999
1055,71.050003,93.639999
1056,71.370003,93.470001
1057,71.849998,94.32
1058,72.220001,94.709999
1059,71.639999,93.730003
1060,71.199997,94.580002
1061,71.260002,94.309998
1062,71.379997,94.639999
1063,72.010002,94.910004
1064,72.239998,94.699997
1065,72.459999,96.239998
1066,73.290001,97.699997
1067,73.059998,97.68
1068,73.230003,97.730003
1069,73.129997,97.949997
1070,73.18,97.93
1071,73.190002,97.360001
1072,73.099998,96.779999
1073,73.660004,97.449997
1074,74.470001,97.330002
1075,73.410004,96.779999
1076,73.330002,96.720001
1077,74.089996,97.860001
1078,74.839996,98.68
1079,74.730003,99.940002
1080,75.699997,100.419998
1081,75.580002,100.93
1082,75.18,100.370003
1083,75.470001,100.5
1084,75.760002,100.010002
1085,75.459999,100.410004
1086,75.800003,101.169998
1087,76.510002,101.449997
1088,78.739998,102.410004
1089,79.050003,101.410004
1090,79.43,102.010002
1091,79.470001,102.910004
1092,79.470001,102.669998
1093,80.309998,103.110001
1094,80.5,102.32
1095,79.620003,101.949997
1096,79.910004,102.230003
1097,79.769997,102.360001
1098,78.669998,102.290001
1099,78.730003,100.779999
1100,78.940002,100.739998
1101,79.25,100.870003
1102,78.779999,100.669998
1103,79.209999,102.029999
1104,79.559998,101.5
1105,79.089996,101.32
1106,78.459999,101.360001
1107,78.150002,101.059998
1108,78.809998,101.269997
1109,78.599998,100.529999
1110,78.720001,99.940002
1111,79.360001,100.389999
1112,78.389999,100.040001
1113,78.970001,100.550003
1114,79.349998,101.599998
1115,79.230003,101.519997
1116,79.040001,101.459999
1117,78.839996,101.949997
1118,79.779999,101.660004
1119,80.5,102.650002
1120,80.769997,102.919998
1121,80.449997,102.419998
1122,82.010002,102.730003
1123,81.980003,102.629997
1124,82.349998,103.830002
1125,82.75,104.379997
1126,81.730003,102.730003
1127,81.639999,102.139999
1128,82.099998,102.029999
1129,82.230003,101.209999
1130,82.370003,100.68
1131,82.790001,101.360001
1132,83.120003,101.57
1133,82.43,102.589996
1134,82.120003,102.650002
1135,82.019997,102.830002
1136,82.279999,103.550003
1137,81.099998,102.57
1138,81.870003,101.739998
1139,82.239998,102.68
1140,82,102.389999
1141,83.050003,103.769997
1142,82.459999,102.309998
1143,82.230003,102.730003
1144,82.089996,103.080002
1145,82.360001,103.540001
1146,82.489998,104.25
1147,82.559998,104.279999
1148,81.989998,103.18
1149,81.82,104.370003
1150,81.660004,103.550003
1151,80.470001,103.25
1152,81.830002,98.940002
1153,81.269997,98.800003
1154,82.019997,100.129997
1155,81.529999,98.199997
1156,81.419998,98.980003
1157,80.470001,98.269997
1158,80.379997,99.739998
1159,80.529999,98.730003
1160,79.940002,98.489998
1161,79.010002,99.089996
1162,79.330002,99.089996
1163,79.800003,99.029999
1164,80.57,99.519997
1165,80.870003,99.489998
1166,80.099998,99.699997
1167,79.790001,99.279999
1168,79.260002,98.5
1169,79.470001,98.75
1170,80.269997,99.639999
1171,80.739998,99.529999
1172,81.190002,99.57
1173,80.970001,99.459999
1174,80.239998,98.489998
1175,80.720001,99.110001
1176,79.809998,98.360001
1177,80.169998,99.260002
1178,78.309998,97.769997
1179,77.639999,97.389999
1180,78.5,96.809998
1181,78.169998,97.029999
1182,77.459999,95.779999
1183,77.690002,96.290001
1184,78.400002,97.43
1185,77.989998,97.080002
1186,78.589996,96.610001
1187,78.75,97.120003
1188,78.559998,96.540001
1189,77.660004,96.029999
1190,77.760002,95.82
1191,76.339996,94.25
1192,76.599998,95.43
1193,76.650002,94.43
1194,76.129997,94.050003
1195,75.169998,92.860001
1196,74.290001,93.300003
1197,73.550003,93.919998
1198,73.730003,94.519997
1199,73.150002,93.370003
1200,74.589996,94.610001
1201,72.089996,91.82
1202,70.330002,91.599998
1203,69.639999,90.839996
1204,68.5,90.550003
1205,68.410004,90.220001
1206,67.209999,90.599998
1207,68.720001,91.209999
1208,68.32,91.769997
1209,70.199997,93.650002
1210,69.540001,93.129997
1211,70.830002,94.110001
1212,70.900002,94.489998
1213,70.449997,93.709999
1214,71.5,95.099998
1215,71.360001,94.589996
1216,71.379997,94.449997
1217,71.790001,96.709999
1218,70.029999,95.260002
1219,68.790001,94.519997
1220,69.230003,95.07
1221,69.459999,96.260002
1222,71,96.589996
1223,70.709999,96.279999
1224,71.120003,96.410004
1225,68.889999,95.379997
1226,68.410004,94.660004
1227,69.379997,95.089996
1228,69.25,95.110001
1229,70.029999,94.870003
1230,69.93,95.610001
1231,71,95.82
1232,71.800003,96.809998
1233,71.059998,95.720001
1234,70.629997,94.779999
1235,71.370003,94.480003
1236,66.410004,90.540001
1237,67.489998,92.349998
1238,69.349998,94.190002
1239,68.540001,94.949997
1240,67.379997,94.370003
1241,67.129997,93.82
1242,65.599998,91.699997
1243,65.559998,91.379997
1244,63.950001,88.669998
1245,63.810001,89.199997
1246,62.32,86.599998
1247,60.93,86.900002
1248,63.299999,86.410004
1249,65.669998,89.019997
1250,66.540001,91.160004
1251,68.690002,93.639999
1252,68.160004,93.330002
1253,68.730003,94.589996
1254,68.419998,93.779999
1255,68.919998,93.209999
1256,68.309998,93.07
1257,67.360001,93.019997
1258,66.949997,92.449997
1259,66.980003,92.830002
1260,63.799999,90.290001
1261,63.02,89.809998
1262,63.75,90.720001
1263,65.040001,92.230003
1264,64.220001,92.099998
1265,62.93,90.330002
1266,62.98,90
1267,62.290001,89.739998
1268,62.509998,88.959999
1269,64.389999,91.120003
1270,64.589996,91.089996
1271,65.620003,91.870003
1272,65.860001,92.870003
1273,65.190002,90.889999
1274,66.449997,91.760002
1275,66.690002,90.949997
1276,64.110001,87.949997
1277,62.310001,87.580002
1278,61.450001,87.419998
1279,62.939999,89.580002
1280,67,92.25
1281,65.419998,91.459999
1282,66.809998,92.360001
1283,66.239998,91.5
1284,66.720001,91.559998
1285,66.080002,91.010002
1286,64.660004,90.599998
1287,65.349998,92.370003
1288,66.32,93.370003
1289,66.400002,93.050003
1290,66.540001,91.010002
1291,65.080002,89.440002
1292,65.800003,89.919998
1293,65.169998,89.010002
1294,65.889999,89.419998
1295,65.959999,89.599998
1296,64.82,88.650002
1297,65.370003,88.540001
1298,64.300003,88.040001
1299,63.299999,87.620003
1300,62.919998,87.18
1301,62.34,86.739998
1302,61.040001,85.629997
1303,61.150002,85.160004
1304,58.73,84.260002
1305,58.099998,84.019997
1306,58.66,84.220001
1307,57.259998,83.870003
1308,57.77,84.760002
1309,58.43,84.080002
1310,60.740002,86.07
1311,60.200001,84.410004
1312,61.529999,84.540001
1313,62.560001,85.43
1314,61.669998,84.519997
1315,62.43,84.860001
1316,61.360001,84.32
1317,60.48,83.580002
1318,60.93,85.629997
1319,59.650002,85
1320,60.189999,84.459999
1321,60.330002,84.300003
1322,61.5,85.129997
1323,61.950001,85.75
1324,59.830002,84.059998
1325,59.400002,84.650002
1326,59.73,85.559998
1327,59.799999,85.339996
1328,60.450001,86.629997
1329,62.169998,88.080002
1330,63.259998,87.730003
1331,62.740002,86.93
1332,62.849998,87.239998
1333,62.419998,86.879997
1334,62.360001,87.459999
1335,62.959999,87.540001
1336,62.759998,86.970001
1337,63.09,87.010002
1338,63.380001,87.800003
1339,63.5,87.870003
1340,63.43,87.370003
1341,63.540001,88.849998
1342,63.759998,89.110001
1343,63.57,88.610001
1344,63.48,88.190002
1345,62.119999,87.599998
1346,64.239998,88.989998
1347,64.25,86.779999
1348,63.639999,87.019997
1349,63.299999,86.559998
1350,63.560001,86.970001
1351,63.23,87.349998
1352,62.150002,86.849998
1353,61.25,86.989998
1354,61.41,87.129997
1355,62.299999,87.209999
1356,61.200001,86.519997
1357,59.68,85.349998
1358,60.119999,85.110001
1359,60.119999,85.110001
1360,59.720001,85.199997
1361,58.91,85.129997
1362,59.619999,85.139999
1363,59.540001,84.949997
1364,58.549999,84.220001
1365,58.34,84.279999
1366,58.32,84.849998
1367,57.93,84.580002
1368,59.130001,85.209999
1369,59.09,85.089996
1370,58.02,84.019997
1371,58,83.720001
1372,58.290001,84.68
1373,58.310001,84.730003
1374,58.650002,85.480003
1375,58.549999,85.209999
1376,59.110001,85.169998
1377,59,85.07
1378,59.529999,84.68
1379,59.23,83.93
1380,59.209999,83.860001
1381,57.740002,82.82
1382,57.009998,83.199997
1383,56.290001,82.370003
1384,56.93,83.139999
1385,55.990002,82.529999
1386,55.830002,82.870003
1387,55.130001,81.970001
1388,55.419998,81.599998
1389,56.84,82.220001
1390,56.790001,82.419998
1391,57.639999,83.110001
1392,56.970001,82.760002
1393,57.099998,82.910004
1394,57.02,82.610001
1395,56.68,81.760002
1396,57.029999,81.660004
1397,56.16,81.790001
1398,55.82,81.139999
1399,54.380001,79.940002
1400,53.889999,79.260002
1401,54.84,82.480003
1402,55.400002,83.139999
1403,57.369999,83.010002
1404,57.48,79.209999
1405,57.200001,78.059998
1406,57.099998,77.169998
1407,57.709999,77.169998
1408,58.59,78.089996
1409,58.16,76.830002
1410,58.889999,78.75
1411,59.09,77.489998
1412,58.580002,78.790001
1413,56.93,78.650002
1414,56.450001,78.360001
1415,56.099998,78.769997
1416,55.740002,77.900002
1417,54.57,76.230003
1418,54.189999,74.57
1419,52.439999,72.129997
1420,49.73,68.720001
1421,49.639999,68.709999
1422,49.490002,72.5
1423,51.939999,74.849998
1424,52.599998,75.07
1425,52.919998,75.239998
1426,50.540001,72.080002
1427,50.98,73.230003
1428,50.799999,73.790001
1429,49.509998,72.459999
1430,50.810001,73.5
1431,50.139999,72
1432,50.57,72.519997
1433,50.27,72.690002
1434,49.919998,72.489998
1435,50.290001,72.860001
1436,51.700001,74.300003
1437,51.52,74.459999
1438,49.52,72.68
1439,49.419998,73.389999
1440,47.779999,72.739998
1441,47.34,72.300003
1442,46.98,72.730003
1443,47.299999,73.230003
1444,45.869999,72.599998
1445,46.549999,72.970001
1446,47.389999,74.349998
1447,48.18,74.059998
1448,49.830002,75.879997
1449,51.650002,76.809998
1450,53.470001,77.889999
1451,54.970001,79.199997
1452,55.880001,80.029999
1453,55.27,79.260002
1454,55.07,79.300003
1455,54.130001,79.160004
1456,55.299999,80.160004
1457,55.93,81.480003
1458,56.349998,82.480003
1459,54.82,80.989998
1460,54.880001,80.830002
1461,55.080002,80.209999
1462,55.389999,82.889999
1463,54.400002,82.980003
1464,53.380001,81.220001
1465,52.470001,81.089996
1466,53.02,82.279999
1467,52.560001,82.230003
1468,52.459999,82.739998
1469,53.68,85.279999
1470,54.77,86.849998
1471,54.419998,85.980003
1472,52.720001,84.809998
1473,52.130001,84.470001
1474,51.919998,81.949997
1475,50.540001,82.349998
1476,49.630001,81.620003
1477,48.639999,79.410004
1478,48.34,78.099998
1479,49.59,80.900002
1480,49.27,79.959999
1481,50.560001,80.739998
1482,51.049999,80.300003
1483,49.68,79.790001
1484,49.23,80.279999
1485,50.110001,81.879997
1486,49.93,81.25
1487,50.07,81.230003
1488,49.759998,81.660004
1489,50.099998,81.889999
1490,49.599998,79.550003
1491,49.16,78.410004
1492,48.43,78.860001
1493,46.299999,76.800003
1494,45.790001,74.629997
1495,46.84,75.629997
1496,46.189999,75.690002
1497,44.540001,74.339996
1498,43.950001,76.029999
1499,44.68,79.43
1500,44.650002,79.150002
1501,43.509998,77.959999
1502,43.709999,77.279999
1503,43.509998,77.260002
1504,44.43,77.650002
1505,47.02,80.190002
1506,46.259998,79.330002
1507,45.830002,78.739998
1508,46.490002,79.160004
1509,45.990002,78.110001
1510,45.790001,77.949997
1511,45.830002,77.459999
1512,45.610001,78.120003
1513,44.02,77.470001
1514,42.119999,76.230003
1515,40.380001,74.690002
1516,40.040001,73.690002
1517,39.93,75.199997
1518,38.939999,75.650002
1519,41.349998,79.120003
1520,39.150002,77.580002
1521,38.490002,76.400002
1522,36.869999,73.18
1523,38.189999,74.099998
1524,40.43,76.57
1525,39.509998,73.980003
1526,41.25,76.699997
1527,41.799999,75.290001
1528,43.330002,76.989998
1529,43.93,77.849998
1530,43.380001,76.290001
1531,41.52,74.589996
1532,43,78.480003
1533,44.549999,79.830002
1534,44.68,80.080002
1535,44.5,81.160004
1536,42.639999,80.080002
1537,42.299999,79.349998
1538,42.48,79.599998
1539,44.080002,81.029999
1540,45.400002,81.220001
1541,46.110001,82
1542,45.759998,82.449997
1543,45.27,82.5
1544,46.209999,82.389999
1545,44.330002,81.230003
1546,44.25,81.519997
1547,45.060001,82.010002
1548,45.529999,81.75
1549,45.48,80.150002
1550,46.439999,81.279999
1551,47.099998,82.699997
1552,47.599998,82.400002
1553,47.990002,82.290001
1554,48.27,84.459999
1555,47.119999,82.629997
1556,48.220001,82.400002
1557,47.330002,82.18
1558,48.290001,82.190002
1559,48.09,82.410004
1560,47.799999,82.82
1561,48.959999,82.870003
1562,50.09,84.099998
1563,49.459999,84.199997
1564,49.049999,83.620003
1565,48.459999,84.120003
1566,47.700001,83.75
1567,48.279999,83.980003
1568,48.139999,84.220001
1569,48.060001,84.529999
1570,49.09,84.519997
1571,48.450001,83.589996
1572,47.650002,82.959999
1573,47.740002,83.160004
1574,46.720001,82.209999
1575,47.669998,83.309998
1576,47.25,82.370003
1577,49.23,83.209999
1578,49.799999,83.32
1579,50.860001,84.349998
1580,51.32,84.830002
1581,51.700001,85.43
1582,51.720001,84.970001
1583,51.900002,85.779999
1584,52.349998,86.209999
1585,52.540001,86.800003
1586,52.630001,86.790001
1587,52.84,87.529999
1588,51.650002,87.330002
1589,52.34,87.629997
1590,53.48,88.459999
1591,53.080002,88.029999
1592,52.889999,88.400002
1593,52.939999,89.129997
1594,51.490002,88.110001
1595,50.220001,87.940002
1596,50.509998,88.040001
1597,50.75,88.510002
1598,49.599998,88.57
1599,50.630001,89.989998
1600,50.599998,88.809998
1601,50.759998,89.669998
1602,49.639999,88.660004
1603,51.009998,89.57
1604,50.830002,89.529999
1605,49.610001,89.349998
1606,49.200001,90.110001
1607,49.220001,89.739998
1608,48.669998,89.599998
1609,49.02,89.669998
1610,50.349998,90.260002
1611,49.849998,89.800003
1612,49.549999,90.010002
1613,48.490002,89.019997
1614,48.880001,89.239998
1615,48.849998,88.529999
1616,49.459999,88.370003
1617,49.759998,89.339996
1618,51.610001,90.709999
1619,52.959999,90.790001
1620,52.32,90.669998
1621,51.310001,89.980003
1622,50.580002,90.589996
1623,49.41,90.43
1624,49.380001,90.160004
1625,50.119999,91.220001
1626,51.66,90.720001
1627,52.619999,91.120003
1628,53.759998,91.529999
1629,53.509998,91.169998
1630,55.169998,91.800003
1631,51.619999,89.389999
1632,50.98,88.860001
1633,52.25,90.910004
1634,54.240002,92.459999
1635,55.220001,93.739998
1636,55.560001,93.839996
1637,54.900002,93.019997
1638,54.830002,94.089996
1639,54.259998,92.959999
1640,54.580002,93.540001
1641,54.880001,93.889999
1642,55.810001,94.949997
1643,55.529999,94.879997
1644,55.470001,94.949997
1645,55.209999,95.120003
1646,55.709999,94.82
1647,55.330002,94.470001
1648,55.16,93.93
1649,55.040001,93.849998
1650,55.110001,94.010002
1651,53.549999,92.199997
1652,54.360001,91.529999
1653,53.950001,90.910004
1654,52.349998,90.199997
1655,51.790001,88.949997
1656,49.580002,85.860001
1657,49.709999,87.040001
1658,49.77,87.489998
1659,50.110001,87.480003
1660,50.16,87.559998
1661,50.349998,88.589996
1662,50.220001,88.699997
1663,48.939999,86.410004
1664,49.950001,86.720001
1665,49.84,87.849998
1666,50.02,87.809998
1667,50.700001,87.919998
1668,50.830002,88.110001
1669,51.360001,88.910004
1670,50.610001,87.800003
1671,50.110001,87.989998
1672,50.060001,87.720001
1673,49.68,88.019997
1674,49.709999,87.459999
1675,49.700001,87.269997
1676,49.759998,87.839996
1677,49.810001,87.519997
1678,48.900002,87.139999
1679,48.630001,86.839996
1680,49.639999,87.419998
1681,50.279999,88.57
1682,50.619999,88.239998
1683,51.150002,89.050003
1684,49.580002,86.839996
1685,49.75,87.290001
1686,48.220001,85.209999
1687,47.740002,84.599998
1688,48.009998,85.080002
1689,47.209999,84.029999
1690,47.419998,83.830002
1691,47.060001,82.540001
1692,48,83.300003
1693,48.470001,83.540001
1694,47.970001,83.449997
1695,47.470001,83.059998
1696,47.099998,83.239998
1697,48.720001,86.900002
1698,49.73,86.459999
1699,50.07,87.279999
1700,50.349998,87.050003
1701,50.68,86.25
1702,51.509998,87
1703,51.139999,87.040001
1704,51.299999,86.739998
1705,52.200001,88.440002
1706,51.220001,87.739998
1707,50.93,87.129997
1708,50.549999,86.559998
1709,50.75,86.540001
1710,50.25,86.540001
1711,50.619999,86.769997
1712,51.02,87.169998
1713,50.990002,87.209999
1714,50.82,86.620003
1715,50.59,86.910004
1716,50.509998,86.720001
1717,50.080002,87.089996
1718,50.52,86.919998
1719,49.869999,84.779999
1720,49.810001,83.32
1721,52.169998,83.650002
1722,51,83.449997
1723,50.889999,83.660004
1724,50.279999,83.57
1725,51.360001,85.449997
1726,50.509998,85.309998
1727,50.880001,86.25
1728,51.150002,87.050003
1729,49.279999,85.669998
1730,48.779999,85.279999
1731,49.900002,86.82
1732,49.27,85.75
1733,49.450001,85.230003
1734,49.220001,85.279999
1735,50.529999,86.489998
1736,50.759998,86.68
1737,50.299999,86.919998
1738,50.18,87.120003
1739,49.200001,86.470001
1740,49.060001,85.900002
1741,51.099998,87.300003
1742,51.779999,87.239998
1743,51.919998,87.040001
1744,52.200001,87.480003
1745,52.369999,87.559998
1746,52.849998,88.07
1747,52.759998,88.32
1748,52.810001,89
1749,53.41,90.980003
1750,54.290001,92.580002
1751,53.310001,90.580002
1752,53.689999,90.889999
1753,54.209999,91.18
1754,54.080002,90.419998
1755,54.16,90.43
1756,54.119999,90.279999
1757,54.189999,90.870003
1758,54.110001,90.709999
1759,54.32,90.75
1760,54.220001,90.300003
1761,54.560001,90.349998
1762,54.380001,90.260002
1763,55.220001,90.889999
1764,55.779999,89.889999
1765,56.27,88.550003
1766,55.790001,88.5
1767,54.599998,87.040001
1768,54.369999,85.93
1769,55.470001,86.809998
1770,55.709999,86.339996
1771,55.48,86.349998
1772,55.540001,87.360001
1773,54.84,86.279999
1774,54.52,84.730003
1775,54.869999,85.889999
1776,54.759998,84.970001
1777,55.360001,85.089996
1778,55.650002,85.339996
1779,55.09,85.599998
1780,54.950001,85.510002
1781,53.709999,84.860001
1782,54.389999,83.889999
1783,54.27,82.940002
1784,54.57,83.449997
1785,54.970001,83.540001
1786,54.290001,83.309998
1787,53.669998,82.769997
1788,53.18,81.480003
1789,53.709999,81.839996
1790,54.189999,82.519997
1791,54.439999,83
1792,54.450001,82.82
1793,53.369999,83.160004
1794,52.959999,82.300003
1795,52.200001,81.760002
1796,52.490002,81.889999
1797,51.98,80.93
1798,52.48,81.779999
1799,51.720001,81.080002
1800,51.880001,81.540001
1801,51.889999,81.32
1802,52.349998,83.019997
1803,52.23,83.300003
1804,52.459999,82.459999
1805,52.689999,82.830002
1806,52.450001,82.519997
1807,51.049999,81.029999
1808,51.34,81.669998
1809,51.740002,81.610001
1810,51.990002,81.419998
1811,50.950001,80.989998
1812,52.080002,82
1813,52.419998,82.07
1814,52.700001,82
1815,52.41,82
1816,52.73,81.830002
1817,52.549999,81.760002
1818,52.459999,81.860001
1819,52.060001,81.230003
1820,52.27,81.25
1821,52.849998,81.839996
1822,53.23,82.019997
1823,53,83.699997
1824,52.73,82.010002
1825,52.360001,82.07
1826,52.849998,82.370003
1827,52.650002,82.529999
1828,53.099998,83.010002
1829,53.27,82.760002
1830,53.419998,83.129997
1831,53.709999,82.839996
1832,53.439999,82.970001
1833,52.41,81.690002
1834,52.939999,81.580002
1835,52.459999,81.050003
1836,51.209999,80.489998
1837,51.310001,81.010002
1838,51.41,80.690002
1839,52.27,81.110001
1840,52.75,81.730003
1841,52.400002,81.400002
1842,52.130001,81.260002
1843,52.189999,81.650002
1844,52,82.059998
1845,51.939999,82.050003
1846,52.279999,82.699997
1847,52.68,81.639999
1848,54.23,82.019997
1849,54.48,82.889999
1850,54.169998,82.309998
1851,54.93,81.910004
1852,54.970001,82.610001
1853,55.310001,82.550003
1854,55.650002,82.800003
1855,56.16,82.550003
1856,55.209999,81.989998
1857,55.049999,81.75
1858,55.490002,81.93
1859,55.27,82.290001
1860,55.16,82.580002
1861,55.029999,82.290001
1862,54.349998,81.75
1863,54.41,81.550003
1864,54.52,81.099998
1865,54.41,80.5
1866,54.450001,80.699997
1867,53.970001,79.5
1868,54.23,80.120003
1869,54.380001,81.209999
1870,53.709999,80.910004
1871,53.450001,80.620003
1872,53.869999,82.129997
1873,54.09,82.93
1874,54.5,82.959999
1875,53.790001,82.07
1876,53.099998,82.260002
1877,54.450001,83.489998
1878,54.130001,82.760002
1879,52.93,82.309998
1880,52.23,81.440002
1881,52.240002,81.080002
1882,52.610001,81.610001
1883,52.459999,81.239998
1884,53.27,81.110001
1885,53.650002,81.529999
1886,53.189999,80.699997
1887,53.189999,80.730003
1888,53.669998,82.099998
1889,52.91,80.849998
1890,53.099998,80.120003
1891,52.939999,80.220001
1892,52.799999,80.160004
1893,53.029999,80.599998
1894,53.48,80.959999
1895,53.48,80.970001
1896,53.75,81.279999
1897,53.630001,80.860001
1898,53.98,80.599998
1899,54.049999,80.849998
1900,54.34,80.860001
1901,54.060001,80.120003
1902,53.91,79.870003
1903,54.369999,80.269997
1904,54.52,80.370003
1905,55.279999,80.830002
1906,55.740002,79.599998
1907,56.529999,80.040001
1908,56.799999,80.169998
1909,57.380001,80.599998
1910,57.040001,80.489998
1911,57.34,80.209999
1912,57.380001,80.160004
1913,57.25,79.959999
1914,56.77,80.209999
1915,56,78.970001
1916,55.639999,78.209999
1917,55.200001,78.230003
1918,55.060001,78.040001
1919,54.75,77.470001
1920,54.5,76.260002
1921,54.650002,76.639999
1922,54.32,76.379997
1923,54.720001,76.739998
1924,55.200001,76.610001
1925,55.099998,76.330002
1926,55.669998,76.720001
1927,55.439999,76.470001
1928,55.439999,76.449997
1929,55.169998,76.099998
1930,55.18,76.330002
1931,55.349998,76.57
1932,55.700001,77.18
1933,56.549999,78.779999
1934,56.939999,79.029999
1935,56.549999,78.82
1936,56.849998,79.25
1937,56.889999,79.5
1938,57.439999,79.769997
1939,57.790001,80.089996
1940,57.619999,80.07
1941,57.459999,80.089996
1942,58.139999,80.220001
1943,58.830002,80.550003
1944,59.009998,79.889999
1945,59.48,79.919998
1946,59.869999,80.980003
1947,60.119999,80.889999
1948,60,81.43
1949,60.369999,82.190002
1950,60.580002,81.980003
1951,60.549999,81.629997
1952,60.900002,81.760002
1953,60.900002,81.790001
1954,61.029999,82.019997
1955,60.150002,81.709999
1956,60.450001,82.029999
1957,61.040001,82.260002
1958,61.23,82.599998
1959,60.73,82.43
1960,60.919998,82.410004
1961,60.869999,82.809998
1962,60.700001,82.959999
1963,60.529999,82.760002
1964,61.029999,82.739998
1965,61.07,83.110001
1966,61.009998,83.239998
1967,61.389999,83.470001
1968,61.049999,83.169998
1969,60.900002,83.470001
1970,61.27,83.709999
1971,62.189999,83.540001
1972,63.029999,83.349998
1973,63.040001,83.870003
1974,64.220001,83.529999
1975,64.099998,83.18
1976,65.519997,83.75
1977,64.540001,83.580002
1978,64.349998,83.470001
1979,64.269997,83.970001
1980,63.900002,82.940002
1981,63.900002,82.889999
1982,63.799999,82.239998
1983,63.16,81.209999
1984,61.560001,80.559998
1985,61.900002,80.239998
1986,61.720001,80.550003
1987,61.48,80.870003
1988,62.150002,81.099998
1989,62.439999,81.419998
1990,61.849998,81.110001
1991,63.93,81.669998
1992,63.689999,82.269997
1993,64.120003,83.290001
1994,64.169998,83.459999
1995,64.150002,83.57
1996,63.990002,82.889999
1997,63.5,82.279999
1998,63.290001,82.550003
1999,63.459999,82.660004
2000,63.939999,83.029999
2001,64.5,82.760002
2002,64.970001,83.120003
2003,64.550003,82.900002
2004,64.699997,83.029999
2005,64.849998,82.940002
2006,64.900002,82.440002
2007,65.099998,82.870003
2008,66.18,83.849998
2009,65.75,83.970001
2010,66.540001,83.980003
2011,66.230003,83.900002
2012,66.5,84.019997
2013,66.709999,83.639999
2014,68.040001,85.029999
2015,68.589996,86.699997
2016,68.889999,86.82
2017,69.040001,86.75
2018,69.059998,87.139999
2019,68.769997,86.769997
2020,69.040001,86.080002
2021,69.839996,86.93
2022,70.879997,87.519997
2023,69.980003,86.970001
2024,70.199997,88
2025,70.040001,87.43
2026,69.830002,87.150002
2027,71.040001,88.25
2028,71.019997,88.300003
2029,71.370003,88.529999
2030,71.330002,88.370003
2031,71.419998,89
2032,70.82,88.010002
2033,70.07,86.779999
2034,70.239998,87.300003
2035,69.470001,89.07
2036,67.300003,84.529999
2037,64.540001,79.720001
2038,65.730003,78.349998
2039,64.660004,76.940002
2040,63.23,76.07
2041,63.029999,75.779999
2042,64.230003,76.419998
2043,64.419998,76.300003
2044,65.550003,76.459999
2045,64.730003,76.209999
2046,63.889999,76.540001
2047,63.299999,75.75
2048,62.389999,74.889999
2049,63.25,75.860001
2050,63.93,77.529999
2051,64.290001,78.839996
2052,63.93,77.5
2053,63.27,75.739998
2054,63.150002,75.199997
2055,63.09,75.550003
2056,63.59,76.269997
2057,64.110001,76.18
2058,63.41,74.260002
2059,63.139999,74.120003
2060,63.25,74.559998
2061,63.169998,75.239998
2062,62.650002,74.529999
2063,62.200001,73.599998
2064,61.889999,74.419998
2065,62.169998,75.120003
2066,61.75,74.150002
2067,62.209999,73.989998
2068,63.48,75.040001
2069,62.369999,73.5
2070,62.41,72.889999
2071,64.18,74
2072,64.07,73.699997
2073,63.080002,72.809998
2074,63.810001,74.610001
2075,62.549999,73.220001
2076,63.869999,75.019997
2077,64.309998,74.870003
2078,66.129997,76.019997
2079,65.800003,74.870003
2080,66.529999,74.870003
2081,68.279999,77.07
2082,68.5,77.43
2083,68.209999,77.220001
2084,68.169998,77.839996
2085,68.059998,78.540001
2086,68.769997,78.330002
2087,70.379997,79.220001
2088,70.980003,79.419998
2089,70.650002,79
2090,71.099998,79.57
2091,71.080002,78.349998
2092,71.120003,79.5
2093,70.300003,80.860001
2094,69.760002,77.790001
2095,69.900002,77.75
2096,69.050003,76.949997
2097,69.18,76.800003
2098,69.610001,76.540001
2099,69.839996,76.900002
2100,69.730003,77.739998
2101,70.029999,78.089996
2102,71.709999,79.93
2103,71.029999,81.720001
2104,71.989998,81.279999
2105,72.139999,81.830002
2106,72.650002,81.790001
2107,72.419998,82.019997
2108,73.330002,81.879997
2109,72.629997,81.300003
2110,73.639999,82.279999
2111,72.669998,81.639999
2112,70.900002,82.150002
2113,69.720001,80.269997
2114,68.169998,78.709999
2115,67.32,78.419998
2116,69.550003,81.5
2117,69.580002,81.239998
2118,69.699997,81.830002
2119,69.300003,80.970001
2120,68.800003,80.68
2121,69.129997,82.059998
2122,70.089996,82.879997
2123,69.940002,83.599998
2124,70.389999,83.099998
2125,68.860001,82.419998
2126,68.519997,81.510002
2127,69.169998,81.889999
2128,67.239998,80.660004
2129,67.599998,80.82
2130,67.5,80.699997
2131,67.059998,80.449997
2132,66.43,79.690002
2133,69.360001,81.379997
2134,67.300003,79.739998
2135,68.25,80.639999
2136,69.099998,81.709999
2137,69.25,81.970001
2138,69.230003,82.730003
2139,68.400002,81.760002
2140,68.889999,82.239998
2141,69.07,82.309998
2142,69.459999,82.330002
2143,70.809998,82.900002
2144,71.290001,83.660004
2145,69.269997,82.589996
2146,69.459999,82.690002
2147,70,83.309998
2148,69.07,82.489998
2149,68.769997,82.309998
2150,68.900002,82.220001
2151,69.169998,82.010002
2152,69.529999,81.400002
2153,69.400002,81.400002
2154,70.209999,83.010002
2155,70.339996,83.589996
2156,67.760002,84.239998
2157,68.029999,81.919998
2158,68.25,81.739998
2159,68.370003,81.510002
2160,67.519997,80.389999
2161,66.139999,79.910004
2162,66.32,80.199997
2163,66.190002,80.18
2164,66.900002,81.269997
2165,67.230003,80.730003
2166,65.730003,80.32
2167,64.870003,79.419998
2168,64.120003,78.559998
2169,63.689999,78.309998
2170,62.23,76.940002
2171,62.869999,78
2172,63.189999,78.260002
2173,63.880001,78.809998
2174,64.279999,78.830002
2175,65.029999,79.959999
2176,64.879997,79.080002
2177,65.610001,79.620003
2178,66.050003,80.400002
2179,65.75,80.279999
2180,66.269997,80.860001
2181,66.32,80.510002
2182,65.230003,80.169998
2183,65.260002,80.290001
2184,64.989998,81.360001
2185,63.68,80.459999
2186,63.360001,81.830002
2187,62.959999,81.709999
2188,63.919998,82.860001
2189,64.370003,83.129997
2190,64.720001,82.32
2191,64.480003,82.919998
2192,64.779999,83.410004
2193,66.019997,83.629997
2194,66.260002,84.629997
2195,66.82,84.82
2196,67.279999,85.169998
2197,68.169998,86.599998
2198,69.599998,86.5
2199,68.900002,85.779999
2200,68.739998,85.769997
2201,68.139999,85.019997
2202,69.32,85.809998
2203,69.07,86.459999
2204,69.480003,86.150002
2205,69.230003,85.580002
2206,68.349998,85.339996
2207,67.68,86.129997
2208,68.309998,86.510002
2209,66.93,84.519997
2210,65.419998,81.599998
2211,65.260002,81.379997
2212,65.410004,80.82
2213,66,81.199997
2214,65.169998,81.5
2215,64.699997,81.849998
2216,65.529999,81.970001
2217,64.900002,81.150002
2218,63.110001,79.839996
2219,61.349998,77.620003
2220,61.939999,78.309998
2221,61.91,77.529999
2222,61.25,77.050003
2223,62.580002,78.779999
2224,63.189999,79.68
2225,63.130001,80.669998
2226,62.25,81.949997
2227,63.389999,81.639999
2228,63.450001,81.989998
2229,64.120003,83.029999
2230,62.77,81.709999
2231,63,80.870003
2232,62.16,79.830002
2233,60.720001,78
2234,61.34,77.389999
2235,61.66,78.190002
2236,62.02,78.959999
2237,61.68,79.220001
2238,59.959999,76.970001
2239,61.639999,77.559998
2240,58.98,75.489998
2241,60.349998,76.980003
2242,59.75,77.050003
2243,60.720001,78.449997
2244,60.599998,79.059998
2245,60.400002,79.5
2246,61.84,81.220001
2247,60.689999,79.43
2248,59.189999,78.389999
2249,59.310001,77.639999
2250,58.849998,76.540001
2251,58.490002,76.68
2252,58.98,76.019997
2253,59.23,76.980003
2254,58.23,75.580002
2255,57.709999,74.040001
2256,57.009998,72
2257,56.900002,70.779999
2258,56.43,68.629997
2259,56.68,68.120003
2260,55.459999,65.510002
2261,57.700001,68.639999
2262,57.799999,68.940002
2263,58.110001,68.169998
2264,58.27,68.190002
